sea_state,vessel_load,port_congestion,engine_efficiency,crew_experience,route_distance_nm,voyage_disruption,extra_fuel_cost_usd
Calm,Medium,Medium,86,Experienced,2031,0,5713.16
Rough,Medium,High,97,Experienced,745,0,2605.94
Moderate,Light,Low,78,Experienced,1015,0,2657.32
Moderate,Medium,Medium,71,Low,3323,1,25007.42
Calm,Medium,Medium,94,Low,1118,0,3069.91
Calm,Medium,High,95,Low,2451,1,28710.04
Calm,Medium,High,87,Experienced,3089,0,9118.26
Rough,Medium,Low,78,Experienced,725,0,2316.44
Moderate,Medium,Medium,75,Low,1424,1,28393.45
Moderate,Heavy,Low,80,Experienced,1864,0,5138.88
Calm,Heavy,Medium,94,Low,2986,1,26441.3
Rough,Heavy,Low,98,Low,1149,1,14783.57
Moderate,Heavy,Low,75,Experienced,1845,0,6445.61
Calm,Light,Low,75,Low,1429,0,3911.78
Calm,Light,Medium,82,Experienced,2002,0,7071.42
Calm,Light,Low,80,Experienced,2301,0,6194.94
Calm,Medium,Medium,83,Experienced,3116,0,9778.12
Moderate,Heavy,Medium,71,Low,576,1,22757.43
Calm,Light,Low,77,Experienced,3436,0,12447.13
Calm,Heavy,High,72,Experienced,2106,1,18210.1
Moderate,Light,Low,92,Experienced,3247,0,12411.9
Calm,Heavy,Medium,90,Low,2535,1,30901.24
Calm,Medium,Medium,72,Low,2239,1,16462.25
Calm,Light,Low,70,Low,2452,0,8387.73
Calm,Medium,Low,93,Low,845,0,2223.68
Moderate,Light,Low,88,Experienced,2727,0,8419.08
Calm,Light,High,87,Experienced,409,0,1460.12
Moderate,Medium,Medium,86,Experienced,844,0,2944.83
Moderate,Heavy,Medium,89,Low,2701,1,18044.25
Calm,Medium,Medium,98,Experienced,1042,0,3046.61
Moderate,Medium,Low,93,Low,2664,0,8170.59
Calm,Medium,Medium,82,Experienced,1589,0,4217.87
Calm,Heavy,High,72,Experienced,2175,1,20699.34
Rough,Light,Low,99,Experienced,1388,0,4519.1
Rough,Medium,Low,70,Experienced,632,0,2251.91
Moderate,Light,Low,73,Low,1836,0,5275.59
Calm,Light,Medium,94,Experienced,1456,0,4348.57
Calm,Medium,High,82,Experienced,891,0,2674.18
Moderate,Light,Low,86,Experienced,1082,0,2746.78
Calm,Medium,Medium,97,Experienced,839,0,2526.71
Calm,Heavy,Low,99,Experienced,3082,0,11418.68
Calm,Light,High,80,Low,1858,0,7145.77
Calm,Medium,Low,71,Experienced,1819,0,5961.46
Rough,Light,Medium,94,Low,2968,1,24553.38
Calm,Heavy,Medium,85,Experienced,918,0,2337.45
Moderate,Medium,Medium,71,Experienced,3256,1,32699.73
Calm,Heavy,Medium,98,Low,2133,0,5374.13
Moderate,Medium,Low,88,Experienced,1291,0,5057.01
Moderate,Light,Low,92,Low,2446,0,7909.93
Calm,Medium,Low,88,Experienced,2664,0,8026.37
Rough,Heavy,Low,94,Experienced,2470,0,9599.23
Moderate,Medium,Medium,85,Experienced,3146,0,7980.1
Rough,Heavy,Low,91,Experienced,1916,0,6461.02
Rough,Heavy,Low,88,Experienced,1818,0,6041.94
Moderate,Light,Medium,78,Experienced,2804,0,7932.46
Rough,Light,High,70,Experienced,821,1,19732.22
Calm,Medium,Medium,79,Experienced,2867,0,9972.56
Calm,Medium,Low,88,Experienced,1216,0,4366.29
Calm,Heavy,Low,70,Low,1016,0,2541.09
Calm,Heavy,High,71,Low,2662,1,33283.05
Calm,Medium,Low,85,Low,3056,0,8394.18
Calm,Light,Low,81,Experienced,3057,0,8713.58
Moderate,Heavy,Medium,77,Experienced,2236,1,16148.1
Calm,Light,Medium,92,Experienced,3391,0,8669.87
Calm,Heavy,Medium,87,Experienced,859,0,2306.05
Moderate,Medium,Low,71,Low,1268,0,5046.04
Calm,Medium,Low,94,Low,2703,0,8035.55
Moderate,Light,High,98,Experienced,1377,0,3680.65
Calm,Medium,Low,82,Experienced,1189,0,3163.32
Rough,Medium,Medium,75,Experienced,1092,0,3908.48
Moderate,Medium,Medium,90,Experienced,2612,0,9878.2
Calm,Light,Medium,95,Experienced,1281,0,3696.23
Calm,Heavy,Low,75,Experienced,1101,0,2787.03
Moderate,Heavy,Low,78,Experienced,342,0,969.45
Moderate,Light,Medium,85,Experienced,1909,0,4934.33
Moderate,Light,High,80,Low,3209,1,28561.7
Moderate,Light,High,76,Experienced,2077,0,6536.86
Calm,Medium,Low,100,Experienced,649,0,1846.33
Calm,Medium,Low,79,Experienced,1867,0,6112.41
Calm,Medium,High,79,Low,1429,1,25801.16
Rough,Light,Medium,99,Experienced,3259,0,12745.32
Moderate,Medium,High,94,Experienced,2348,0,9060.73
Calm,Medium,Low,89,Low,2080,0,6968.44
Calm,Medium,Medium,87,Experienced,883,0,2676.93
Calm,Heavy,Medium,97,Low,731,0,2245.43
Calm,Light,Medium,93,Low,2232,0,6958.88
Moderate,Medium,Medium,89,Low,2400,1,23907.61
Moderate,Medium,Low,98,Low,3287,0,10444.31
Rough,Medium,Medium,78,Experienced,2867,1,34870.98
Calm,Heavy,Low,100,Low,1648,0,6453.8
Calm,Medium,Medium,84,Low,3485,1,22005.08
Moderate,Heavy,High,73,Low,2494,1,22073.64
Moderate,Light,Low,100,Low,2330,0,6157.22
Moderate,Light,High,77,Low,1489,1,23996.77
Moderate,Heavy,Low,78,Experienced,1462,0,4561.73
Calm,Medium,Medium,82,Low,2976,1,23860.91
Moderate,Light,High,78,Experienced,598,0,2281.27
Calm,Light,Low,95,Experienced,2239,0,6129.1
Calm,Light,Low,73,Low,1088,0,3463.64
Calm,Heavy,Medium,86,Experienced,1149,0,3916.42
Calm,Light,Low,85,Low,2525,0,8932.93
Moderate,Medium,Medium,84,Low,3189,1,23085.13
Calm,Light,High,72,Low,1677,1,22215.2
Moderate,Medium,Medium,94,Low,1477,0,4951.61
Rough,Light,Low,89,Experienced,2249,0,7105.18
Calm,Medium,Medium,74,Experienced,1177,0,3061.21
Calm,Light,Medium,92,Low,1438,0,4597.34
Moderate,Heavy,Low,74,Experienced,1877,0,7003.28
Calm,Light,Medium,89,Low,3106,0,10628.15
Calm,Medium,Medium,84,Experienced,3439,0,12890.21
Calm,Heavy,Medium,87,Low,2792,1,31735.28
Calm,Medium,Low,84,Low,3055,0,8180.35
Rough,Medium,Medium,71,Low,2949,1,29989.68
Moderate,Medium,Low,98,Low,1946,0,5750.1
Moderate,Medium,Low,82,Experienced,2203,0,7814.01
Rough,Medium,High,73,Experienced,1682,1,29097.98
Moderate,Heavy,Medium,79,Low,444,1,12735.11
Calm,Medium,Low,82,Experienced,2622,0,8504.41
Rough,Medium,Low,79,Experienced,2856,0,8944.07
Moderate,Heavy,Low,98,Experienced,1502,0,4679.91
Moderate,Medium,Low,100,Low,3100,0,8825.77
Rough,Light,Low,78,Experienced,2161,0,5844.55
Calm,Medium,Low,77,Experienced,2154,0,6020.5
Calm,Heavy,Medium,72,Experienced,2824,1,24135.79
Calm,Light,Medium,85,Experienced,2166,0,6058.73
Calm,Medium,Medium,100,Low,3475,0,8735.46
Moderate,Light,Medium,83,Low,1398,0,4810.36
Rough,Medium,Low,78,Experienced,1451,0,4316.09
Calm,Light,High,99,Experienced,2034,0,8054.06
Moderate,Medium,High,90,Low,3013,1,25440.63
Calm,Heavy,High,80,Experienced,867,0,2617.25
Calm,Medium,High,72,Experienced,2113,0,6416.68
Calm,Medium,High,74,Experienced,830,0,2085.52
Calm,Heavy,Medium,98,Experienced,2506,0,9419.58
Rough,Heavy,Low,79,Experienced,1861,1,16001.96
Calm,Light,Medium,82,Low,980,0,3832.06
Moderate,Medium,Medium,73,Experienced,2370,0,9096.32
Moderate,Light,Medium,93,Low,1370,0,4525.5
Calm,Heavy,Medium,82,Low,2872,1,21715.51
Rough,Heavy,Low,81,Low,1028,1,23398.55
Rough,Medium,Low,74,Low,2029,1,21211.1
Calm,Heavy,High,79,Low,2491,1,31543.18
Calm,Medium,Medium,97,Low,967,0,2482.44
Calm,Medium,Medium,93,Experienced,1912,0,4935.01
Calm,Light,Low,78,Low,980,0,3122.13
Calm,Heavy,Low,89,Experienced,1272,0,4228.68
Moderate,Light,High,76,Low,3146,1,26445.56
Moderate,Heavy,Medium,71,Experienced,2432,1,23554.64
Calm,Heavy,High,91,Experienced,2763,1,33219.13
Calm,Heavy,Medium,93,Low,3041,1,32072.88
Rough,Light,Medium,97,Experienced,2829,0,8744.79
Calm,Medium,Low,92,Experienced,2803,0,8338.65
Calm,Light,Medium,76,Experienced,1126,0,3490.86
Calm,Medium,Medium,77,Experienced,596,0,1624.54
Rough,Light,Medium,76,Experienced,3483,1,36314.9
Calm,Heavy,Medium,90,Experienced,1553,0,5749.93
Moderate,Medium,High,92,Experienced,3467,1,31322.36
Moderate,Medium,Low,98,Low,3297,0,10668.83
Calm,Medium,High,83,Experienced,3027,0,11421.33
Moderate,Medium,Low,95,Experienced,2725,0,9698.51
Calm,Medium,Medium,88,Experienced,2768,0,8956.37
Moderate,Medium,Low,74,Low,2452,0,7077.8
Moderate,Heavy,Low,92,Experienced,2028,0,7761.95
Moderate,Medium,Medium,100,Experienced,2324,0,7821.49
Calm,Heavy,Low,94,Low,629,0,1781.15
Moderate,Heavy,Medium,100,Experienced,2786,0,8089.65
Calm,Light,High,87,Experienced,1455,0,5390.34
Calm,Heavy,Low,89,Experienced,2190,0,5620.02
Calm,Light,High,81,Experienced,681,0,2715.92
Moderate,Heavy,Medium,92,Low,2485,1,18647.03
Moderate,Medium,Medium,86,Experienced,3290,0,12153.6
Calm,Heavy,Low,82,Experienced,1142,0,3531.25
Moderate,Heavy,Low,71,Low,2617,1,25117.6
Calm,Heavy,Low,94,Low,695,0,2655.58
Moderate,Heavy,Low,82,Experienced,3260,0,10169.14
Calm,Medium,Low,95,Low,2811,0,9293.84
Moderate,Light,Medium,76,Low,749,0,1927.89
Calm,Medium,High,97,Experienced,1654,0,4140.82
Rough,Light,High,79,Low,2286,1,15759.24
Calm,Medium,Medium,92,Experienced,1608,0,5661.57
Calm,Medium,Low,75,Low,1597,0,4282.99
Calm,Heavy,Low,72,Experienced,2367,0,6321.41
Rough,Medium,Low,95,Experienced,2586,0,8059.12
Rough,Heavy,Low,72,Low,1593,1,29244.53
Calm,Light,Medium,87,Experienced,2765,0,9865.82
Moderate,Heavy,Medium,80,Low,3402,1,27326.61
Moderate,Heavy,Low,91,Experienced,2149,0,5629.05
Moderate,Medium,Low,89,Experienced,3475,0,13589.32
Moderate,Medium,High,74,Experienced,485,0,1402.13
Calm,Heavy,High,88,Experienced,3499,1,26078.18
Calm,Light,Low,91,Low,1533,0,5818.1
Rough,Medium,High,96,Experienced,1737,1,21706.05
Rough,Medium,High,97,Experienced,552,0,1519.79
Moderate,Light,Low,88,Low,318,0,1187.0
Calm,Medium,Low,99,Experienced,3059,0,11177.21
Calm,Light,Medium,84,Low,1459,0,4953.43
Moderate,Light,High,99,Experienced,522,0,1569.03
Rough,Light,High,85,Low,302,1,13931.29
Rough,Heavy,Low,93,Experienced,1559,0,4182.54
Moderate,Medium,Low,78,Low,1153,0,3764.12
Moderate,Heavy,Medium,73,Low,1788,1,17946.71
Calm,Medium,Medium,84,Experienced,527,0,1601.56
Calm,Medium,Low,94,Experienced,3260,0,10474.51
Rough,Medium,High,81,Experienced,1977,1,16930.64
Moderate,Medium,Medium,92,Low,798,0,2762.28
Calm,Light,High,72,Low,2868,1,23084.99
Calm,Medium,High,92,Experienced,3049,0,8372.19
Moderate,Light,Medium,83,Experienced,2185,0,6712.57
Calm,Medium,Medium,86,Low,3264,1,17607.38
Calm,Medium,Medium,88,Experienced,2315,0,7957.62
Moderate,Light,Low,75,Experienced,1462,0,5253.41
Moderate,Light,Medium,73,Experienced,1599,0,6232.69
Moderate,Heavy,Low,76,Experienced,2638,0,7698.5
Calm,Medium,Medium,99,Experienced,1376,0,5401.24
Moderate,Light,Low,88,Low,3481,0,9032.83
Calm,Heavy,Low,86,Low,1014,0,3452.18
Calm,Light,Low,94,Experienced,1247,0,3224.37
Moderate,Medium,Low,85,Experienced,2995,0,11502.78
Moderate,Heavy,Medium,84,Experienced,3375,1,23475.99
Moderate,Light,Medium,91,Experienced,3031,0,10620.69
Moderate,Light,Medium,77,Experienced,1169,0,4380.66
Moderate,Light,Low,88,Experienced,1370,0,3733.89
Calm,Medium,Low,77,Low,393,0,1005.25
Calm,Light,Low,87,Low,3287,0,12550.82
Calm,Medium,Low,97,Experienced,859,0,2553.29
Calm,Light,High,85,Experienced,2075,0,5588.95
Rough,Medium,Low,89,Low,2560,1,24478.16
Calm,Heavy,Low,88,Experienced,735,0,2497.13
Rough,Heavy,Low,79,Experienced,1151,0,2930.97
Moderate,Medium,Low,86,Experienced,2855,0,8314.74
Moderate,Medium,Medium,100,Low,3183,1,31571.61
Moderate,Medium,Medium,82,Experienced,2998,0,9385.25
Moderate,Medium,Low,82,Low,504,0,1936.7
Calm,Medium,Low,76,Experienced,2728,0,10841.01
Calm,Light,Low,96,Low,3444,0,11900.99
Moderate,Heavy,Low,79,Experienced,1399,0,3836.7
Calm,Medium,Low,71,Low,376,0,1450.9
Calm,Light,High,73,Experienced,1115,0,3650.92
Moderate,Medium,Medium,94,Experienced,1067,0,2913.58
Calm,Medium,Medium,75,Low,2757,1,35344.85
Rough,Heavy,Medium,93,Experienced,405,0,1472.66
Rough,Heavy,Medium,87,Low,2898,1,23184.66
Rough,Heavy,Medium,92,Low,3173,1,21109.1
Calm,Light,Medium,75,Experienced,2435,0,6819.24
Calm,Medium,Medium,98,Low,2046,0,5762.58
Rough,Medium,Low,99,Experienced,3228,0,11402.71
Calm,Light,Medium,94,Experienced,3448,0,9756.41
Rough,Light,Medium,92,Experienced,3448,0,10888.81
Rough,Heavy,High,86,Low,1765,1,25086.66
Rough,Light,Medium,83,Experienced,2887,0,10612.41
Calm,Medium,Medium,93,Experienced,544,0,1729.86
Calm,Light,Low,80,Low,2925,0,10788.23
Rough,Light,Medium,95,Experienced,1705,0,6407.28
Calm,Light,Low,100,Low,1281,0,4460.65
Calm,Heavy,Low,88,Experienced,3064,0,8709.85
Moderate,Heavy,Low,99,Low,2036,0,5926.83
Rough,Heavy,Medium,71,Experienced,441,1,12356.82
Moderate,Medium,Low,97,Experienced,1192,0,3188.85
Moderate,Light,Low,72,Low,1691,0,4920.37
Calm,Medium,High,80,Low,3455,1,26143.73
Moderate,Medium,Low,75,Experienced,2699,0,8590.9
Rough,Heavy,Medium,98,Experienced,844,0,3260.08
Calm,Light,Medium,83,Low,3260,0,8660.91
Moderate,Medium,Low,88,Low,2499,0,8947.42
Rough,Light,High,95,Experienced,1769,0,6246.21
Moderate,Medium,Low,85,Experienced,3000,0,7930.89
Moderate,Heavy,Medium,90,Experienced,3305,1,36629.51
Moderate,Medium,Medium,91,Experienced,1062,0,3560.58
Calm,Medium,Medium,93,Low,923,0,2811.08
Calm,Medium,Medium,76,Experienced,955,0,3471.24
Moderate,Medium,Low,99,Experienced,2797,0,8072.28
Moderate,Heavy,Low,96,Low,3068,1,23761.14
Rough,Heavy,Medium,77,Experienced,1547,1,14684.9
Rough,Heavy,Medium,88,Experienced,342,1,18542.65
Moderate,Heavy,High,89,Low,2611,1,25332.04
Moderate,Medium,High,85,Experienced,1326,0,4581.38
Moderate,Medium,High,91,Low,1960,1,25420.1
Moderate,Medium,Medium,96,Experienced,1591,0,5593.34
Moderate,Light,Low,76,Experienced,895,0,3274.23
Moderate,Heavy,High,78,Low,3387,1,26852.05
Rough,Light,Medium,82,Experienced,3430,1,31998.69
Calm,Heavy,Low,70,Experienced,1312,0,4178.05
Calm,Medium,High,98,Experienced,2524,0,9695.03
Calm,Medium,High,100,Experienced,2410,0,7824.8
Moderate,Medium,Medium,77,Experienced,1257,0,4729.73
Calm,Heavy,Low,93,Experienced,3350,0,12401.79
Calm,Medium,Low,91,Experienced,860,0,2679.55
Moderate,Medium,High,73,Experienced,1630,1,13908.24
Calm,Light,High,72,Low,1612,1,20843.55
Moderate,Medium,Low,96,Experienced,2121,0,7931.11
Calm,Light,Low,72,Experienced,3302,0,9382.46
Calm,Heavy,High,91,Experienced,1850,0,6080.31
Moderate,Medium,Low,82,Experienced,1149,0,4261.81
Calm,Medium,Medium,77,Experienced,1578,0,4781.68
Calm,Light,High,76,Experienced,2951,0,10220.24
Moderate,Light,Low,96,Low,1833,0,5257.86
Moderate,Heavy,Medium,70,Low,2114,1,27991.58
Calm,Light,Low,96,Experienced,2041,0,7534.51
Moderate,Light,Low,85,Low,905,0,2396.85
Calm,Light,High,75,Low,3177,1,28017.9
Calm,Heavy,Medium,76,Low,1786,1,27921.95
Moderate,Heavy,High,81,Experienced,1594,1,13387.82
Moderate,Medium,Medium,92,Experienced,1045,0,4137.75
Moderate,Light,Low,78,Experienced,857,0,3401.95
Moderate,Medium,Low,96,Experienced,2411,0,6997.72
Rough,Heavy,Low,80,Low,1241,1,17094.25
Moderate,Medium,Low,79,Experienced,2596,0,9235.52
Calm,Light,Low,90,Experienced,1569,0,4983.9
Moderate,Light,Low,70,Experienced,1239,0,3284.75
Calm,Light,Medium,87,Low,1910,0,6802.05
Calm,Medium,Medium,100,Low,2504,0,6377.09
Calm,Heavy,Medium,73,Low,3082,1,27722.15
Calm,Light,Medium,74,Experienced,2025,0,5483.66
Rough,Light,Low,78,Experienced,1284,0,3455.2
Moderate,Light,Low,96,Experienced,1887,0,5214.74
Moderate,Heavy,Medium,100,Experienced,3459,0,13629.84
Calm,Light,Medium,86,Experienced,1636,0,5791.04
Calm,Heavy,Low,72,Experienced,2174,0,8048.27
Calm,Medium,High,85,Low,3437,1,32696.88
Calm,Medium,High,74,Experienced,961,0,2887.29
Moderate,Light,Medium,85,Experienced,3391,0,9670.2
Moderate,Light,Low,72,Low,332,0,1069.36
Moderate,Medium,High,89,Experienced,2116,0,7041.5
Calm,Heavy,Medium,84,Experienced,2905,0,10015.46
Rough,Medium,High,99,Experienced,2420,1,16211.96
Moderate,Medium,High,72,Experienced,2189,1,28329.32
Moderate,Light,High,89,Experienced,3172,0,8737.71
Moderate,Heavy,Medium,83,Experienced,1456,0,5748.99
Calm,Heavy,Low,100,Low,3426,0,8641.35
Calm,Light,Medium,85,Low,360,0,1159.81
Calm,Heavy,Medium,98,Low,1843,0,5529.1
Moderate,Medium,Medium,98,Experienced,571,0,1812.17
Calm,Medium,Low,100,Low,2593,0,8702.1
Calm,Heavy,Low,100,Low,1499,0,4726.92
Calm,Heavy,High,86,Low,2975,1,19029.46
Calm,Medium,Medium,97,Experienced,2106,0,7579.67
Rough,Light,High,93,Experienced,3052,1,19642.63
Moderate,Medium,High,89,Experienced,3009,1,25746.02
Calm,Heavy,Medium,92,Experienced,1454,0,4180.16
Calm,Light,Medium,87,Experienced,1425,0,4865.37
Calm,Medium,High,87,Experienced,609,0,2057.08
Calm,Medium,Medium,91,Experienced,1615,0,4933.19
Calm,Medium,Medium,83,Experienced,2045,0,6603.48
Calm,Medium,Low,87,Low,2842,0,8442.65
Calm,Heavy,Medium,84,Experienced,637,0,1728.03
Moderate,Light,Medium,84,Experienced,2926,0,8253.37
Moderate,Light,Low,75,Experienced,309,0,821.41
Calm,Light,Low,96,Experienced,348,0,1226.56
Calm,Heavy,Low,84,Low,1810,0,6318.87
Moderate,Medium,Low,87,Low,2970,0,11659.95
Moderate,Light,Low,73,Experienced,1644,0,5909.39
Rough,Heavy,Medium,92,Low,1030,1,16700.98
Moderate,Heavy,High,77,Experienced,1094,1,25633.12
Calm,Heavy,Medium,84,Experienced,3318,0,12588.53
Calm,Heavy,Low,72,Experienced,1948,0,6165.38
Moderate,Light,Low,99,Experienced,432,0,1459.64
Calm,Heavy,Medium,84,Experienced,2430,0,9632.81
Moderate,Medium,Low,82,Experienced,2404,0,7929.49
Rough,Heavy,High,78,Experienced,675,1,16987.61
Moderate,Heavy,Medium,71,Experienced,2696,1,23537.67
Calm,Heavy,High,93,Experienced,570,0,1588.35
Moderate,Medium,Low,77,Experienced,1806,0,5709.01
Calm,Light,Medium,98,Low,2458,0,8301.0
Moderate,Medium,Low,99,Experienced,3216,0,11977.48
Rough,Heavy,High,89,Experienced,3234,1,34011.52
Calm,Heavy,Medium,86,Experienced,375,0,1156.23
Rough,Light,Low,82,Low,2256,1,14546.83
Rough,Light,Low,70,Experienced,1966,0,7277.65
Calm,Light,Low,71,Low,628,0,2139.33
Calm,Heavy,Medium,99,Low,2469,1,28742.9
Calm,Heavy,Low,84,Experienced,340,0,1102.36
Calm,Light,Medium,81,Experienced,1490,0,5384.06
Calm,Medium,Low,83,Low,3269,0,11950.21
Moderate,Heavy,Medium,94,Experienced,2989,0,9712.54
Calm,Heavy,High,98,Experienced,3394,1,22225.45
Calm,Medium,High,71,Experienced,2626,0,10400.57
Moderate,Medium,High,87,Low,3110,1,20643.9
Calm,Medium,Low,91,Experienced,2816,0,8764.4
Moderate,Light,Low,76,Experienced,2356,0,6881.16
Calm,Medium,Medium,98,Experienced,312,0,1122.16
Calm,Medium,Low,92,Experienced,1223,0,3501.79
Moderate,Heavy,Medium,100,Experienced,3270,0,9017.24
Moderate,Medium,Low,98,Low,2142,0,7057.36
Rough,Heavy,Low,94,Experienced,3423,1,25563.09
Moderate,Light,Low,75,Low,1532,0,5275.22
Moderate,Medium,High,83,Experienced,1514,0,4052.84
Calm,Light,Low,77,Experienced,3422,0,11916.81
Calm,Light,Medium,96,Low,952,0,2784.55
Moderate,Heavy,Low,91,Experienced,2003,0,5008.23
Moderate,Heavy,Medium,71,Low,920,1,20596.22
Rough,Light,Low,86,Low,2262,0,8822.76
Calm,Medium,High,74,Experienced,1945,0,7393.01
Calm,Heavy,High,83,Low,2543,1,21801.6
Moderate,Light,Low,94,Experienced,716,0,2625.97
Calm,Medium,High,93,Low,963,0,3286.58
Rough,Heavy,High,99,Experienced,2078,1,18018.63
Rough,Medium,High,98,Experienced,1679,1,24440.16
Calm,Light,High,89,Experienced,447,0,1574.42
Moderate,Medium,Low,90,Experienced,2345,0,6085.99
Moderate,Heavy,Medium,98,Experienced,3348,0,10359.95
Calm,Medium,Low,90,Low,1688,0,6660.39
Rough,Light,Low,91,Low,2711,0,8969.27
Moderate,Heavy,High,72,Experienced,2025,1,14304.59
Moderate,Light,Low,74,Low,701,0,1878.96
Calm,Heavy,Medium,85,Experienced,2953,0,10498.78
Rough,Light,High,87,Low,1815,1,19761.38
Calm,Heavy,High,95,Experienced,2331,0,7134.98
Calm,Medium,High,86,Experienced,528,0,2073.15
Rough,Medium,Low,80,Low,1898,1,24236.68
Calm,Light,Low,86,Experienced,2884,0,8523.91
Calm,Medium,Medium,85,Low,567,0,2200.87
Rough,Heavy,Low,95,Experienced,1728,0,5151.86
Rough,Heavy,Low,92,Low,2116,1,17501.13
Moderate,Medium,Low,71,Experienced,1334,0,4403.98
Moderate,Medium,High,73,Experienced,1643,1,16889.98
Calm,Heavy,Medium,90,Low,425,0,1128.26
Calm,Heavy,Low,76,Low,2653,1,22208.33
Calm,Medium,Medium,71,Experienced,2025,0,7477.53
Moderate,Medium,Low,99,Low,1412,0,3913.89
Moderate,Medium,Low,75,Experienced,2975,0,10614.84
Moderate,Medium,High,86,Experienced,1675,0,5154.71
Moderate,Light,Medium,76,Experienced,988,0,3066.2
Calm,Medium,High,94,Experienced,3385,0,12439.66
Calm,Medium,Low,74,Experienced,1580,0,6231.8
Calm,Heavy,High,74,Experienced,1532,1,16456.12
Moderate,Light,Medium,89,Experienced,580,0,1815.95
Calm,Medium,Medium,85,Low,742,0,2390.29
Rough,Medium,Medium,88,Low,2163,1,19821.0
Calm,Medium,High,78,Experienced,1136,0,3458.87
Calm,Light,Medium,74,Experienced,688,0,1773.94
Calm,Medium,Medium,77,Low,916,0,3231.93
Moderate,Medium,High,78,Experienced,446,0,1406.83
Moderate,Medium,High,74,Experienced,820,0,2289.6
Calm,Medium,Medium,79,Low,929,0,3459.64
Calm,Medium,Medium,94,Experienced,2781,0,10300.38
Moderate,Heavy,Low,71,Low,2491,1,22640.09
Calm,Light,Low,78,Experienced,588,0,1733.23
Moderate,Heavy,Medium,80,Low,1709,1,20676.79
Moderate,Medium,High,73,Experienced,313,0,917.79
Calm,Light,High,91,Low,556,0,1586.83
Calm,Light,Low,91,Experienced,2021,0,7267.06
Rough,Medium,Medium,91,Experienced,1723,0,4411.72
Calm,Heavy,Low,71,Low,1530,0,4042.49
Calm,Heavy,High,92,Experienced,1157,0,2904.28
Moderate,Heavy,High,98,Experienced,3290,1,17387.36
Rough,Medium,Medium,75,Low,1495,1,17213.64
Rough,Medium,High,96,Experienced,763,0,3047.2
Moderate,Light,Medium,83,Low,569,0,1669.0
Calm,Medium,Medium,70,Experienced,1544,0,4205.7
Calm,Medium,Low,87,Experienced,2970,0,8498.64
Moderate,Light,Medium,76,Experienced,1506,0,5879.71
Moderate,Light,Medium,70,Low,371,0,1216.97
Calm,Medium,Medium,100,Experienced,1606,0,4893.85
Rough,Heavy,Low,70,Experienced,2421,1,33666.85
Calm,Heavy,High,70,Experienced,2702,1,23813.04
Calm,Heavy,Low,93,Experienced,2050,0,6155.15
Calm,Medium,Medium,73,Experienced,796,0,2237.5
Calm,Medium,Medium,73,Low,1287,0,3946.84
Calm,Medium,Medium,98,Low,2927,0,8707.9
Calm,Heavy,Medium,87,Low,1209,0,4250.79
Calm,Light,Low,96,Low,672,0,1971.9
Moderate,Medium,Low,80,Experienced,661,0,2224.79
Moderate,Heavy,Medium,96,Low,2440,1,28094.75
Moderate,Medium,Medium,70,Low,1644,1,25854.18
Rough,Medium,Low,97,Low,623,0,1938.22
Calm,Medium,Medium,79,Low,2731,1,30831.52
Calm,Light,Medium,78,Low,874,0,2679.58
Rough,Medium,Medium,92,Low,1035,1,17502.3
Calm,Medium,High,73,Experienced,3084,1,19824.39
Rough,Light,Low,97,Experienced,2693,0,7245.65
Calm,Light,Low,75,Low,3474,0,8990.03
Rough,Heavy,High,99,Experienced,1515,1,18472.91
Calm,Light,Medium,85,Low,1995,0,5459.3
Rough,Medium,Medium,71,Low,2207,1,17290.26
Moderate,Light,High,92,Low,1018,0,3706.68
Rough,Heavy,High,87,Experienced,1080,1,15107.5
Calm,Light,High,79,Experienced,1319,0,4401.13
Moderate,Medium,Medium,93,Low,1703,0,5226.83
Rough,Heavy,Medium,93,Low,1726,1,22106.93
Moderate,Heavy,Medium,86,Experienced,963,0,3220.51
Moderate,Light,Low,82,Low,2072,0,6153.95
Moderate,Heavy,Medium,93,Low,2947,1,19557.02
Calm,Medium,Low,87,Experienced,310,0,1116.03
Moderate,Medium,High,91,Experienced,2534,0,9646.72
Moderate,Light,Medium,82,Experienced,3073,0,8570.21
Rough,Light,Medium,86,Experienced,1338,0,3540.92
Calm,Heavy,Low,74,Low,3125,1,32531.82
Calm,Medium,Low,80,Low,2758,0,8342.52
Rough,Medium,Low,76,Experienced,3303,1,35414.03
Rough,Heavy,Medium,98,Low,884,1,24644.3
Calm,Heavy,Low,79,Experienced,1375,0,3696.97
Moderate,Light,Medium,86,Experienced,3399,0,11502.21
Calm,Medium,High,84,Experienced,2924,0,9613.27
Calm,Light,High,87,Low,3388,1,19854.05
Calm,Heavy,Medium,92,Experienced,1674,0,5319.64
Calm,Medium,Low,91,Experienced,1751,0,6470.68
Moderate,Heavy,High,88,Experienced,2154,1,28602.55
Calm,Light,High,99,Low,2089,0,5526.19
Rough,Light,Low,95,Low,3336,1,29360.72
Rough,Light,Medium,71,Low,1042,1,23371.61
Moderate,Light,Low,95,Low,2076,0,7658.48
Moderate,Light,High,73,Low,3475,1,25267.0
Calm,Heavy,High,72,Experienced,503,0,1372.68
Moderate,Light,Low,76,Experienced,1376,0,4905.8
Moderate,Light,High,93,Low,1273,0,4475.88
Calm,Heavy,Medium,87,Experienced,3287,0,8337.94
Rough,Medium,High,79,Low,1698,1,24922.14
Moderate,Heavy,Medium,76,Experienced,2165,1,19005.04
Rough,Light,High,77,Experienced,3425,1,31696.97
Moderate,Medium,Low,75,Experienced,1599,0,4515.9
Moderate,Light,Low,91,Experienced,1354,0,4585.06
Calm,Light,Low,95,Low,1458,0,5642.18
Rough,Heavy,High,70,Low,3429,1,36533.24
Rough,Light,High,73,Experienced,404,0,1568.4
Calm,Medium,High,83,Experienced,552,0,2190.2
Calm,Medium,High,86,Low,594,0,1494.51
Calm,Medium,Low,89,Low,3015,0,10353.85
Moderate,Heavy,Low,87,Experienced,1481,0,4619.62
Rough,Light,Low,80,Low,848,0,3213.73
Calm,Medium,Low,98,Experienced,2978,0,8569.86
Moderate,Heavy,Low,90,Experienced,3438,0,13654.17
Calm,Medium,Medium,95,Low,2077,0,7104.51
Rough,Heavy,Low,83,Low,598,1,19990.65
Moderate,Light,Low,78,Experienced,2048,0,5382.96
Moderate,Medium,Low,96,Experienced,2143,0,5947.23
Calm,Light,Low,84,Experienced,400,0,1455.04
Calm,Heavy,High,81,Low,3427,1,32787.63
Calm,Heavy,High,79,Low,2679,1,33017.85
Calm,Light,High,88,Experienced,3183,0,8024.1
Rough,Medium,Medium,93,Experienced,2074,0,7229.3
Moderate,Light,Low,88,Low,2740,0,8350.54
Rough,Medium,High,75,Experienced,1173,1,28770.9
Rough,Medium,Low,89,Low,2728,1,20735.37
Moderate,Heavy,Low,93,Low,391,0,1178.36
Moderate,Medium,Low,96,Low,746,0,1985.81
Rough,Medium,Low,75,Experienced,408,0,1062.62
Moderate,Light,Low,77,Experienced,616,0,2084.18
Calm,Light,Low,70,Experienced,2135,0,7004.9
Calm,Light,Medium,91,Experienced,2243,0,8104.64
Calm,Light,Low,86,Experienced,1758,0,5739.17
Rough,Heavy,Low,86,Low,741,1,27239.76
Moderate,Medium,High,93,Low,2565,1,22729.0
Calm,Medium,Low,84,Low,1545,0,3923.79
Moderate,Light,Low,76,Low,3020,0,9070.07
Moderate,Heavy,High,88,Experienced,1851,1,22014.78
Calm,Heavy,Low,91,Experienced,577,0,2198.56
Calm,Light,Low,100,Experienced,3356,0,10048.09
Moderate,Heavy,Medium,94,Low,868,1,20155.41
Moderate,Medium,Low,92,Low,1309,0,4936.17
Moderate,Light,Medium,97,Experienced,3222,0,10187.68
Moderate,Medium,High,72,Low,2813,1,18697.96
Rough,Medium,Low,99,Experienced,1138,0,2972.19
Moderate,Light,Medium,99,Experienced,3101,0,10126.59
Moderate,Heavy,Medium,98,Experienced,1907,0,7540.58
Rough,Heavy,Low,91,Experienced,3185,1,28070.13
Calm,Medium,Medium,80,Experienced,329,0,857.5
Calm,Medium,Low,89,Low,2706,0,7533.62
Calm,Medium,Medium,99,Experienced,2242,0,8198.96
Moderate,Medium,Low,98,Low,2433,0,9153.33
Moderate,Medium,Medium,88,Low,1557,0,5335.13
Moderate,Light,Low,78,Experienced,3094,0,10725.77
Calm,Medium,High,79,Experienced,2660,0,6763.07
Calm,Heavy,Low,71,Low,664,0,2485.22
Calm,Medium,Medium,70,Experienced,2100,0,7733.07
Calm,Light,Medium,100,Experienced,2122,0,6129.51
Moderate,Heavy,Medium,99,Experienced,2162,0,7703.24
Calm,Light,Medium,85,Experienced,1204,0,3398.03
Calm,Light,Medium,87,Low,997,0,2552.81
Rough,Light,High,92,Experienced,2478,1,28367.08
Calm,Medium,High,95,Low,3150,1,29278.71
Moderate,Heavy,Low,86,Experienced,3136,0,9428.77
Moderate,Medium,Medium,75,Low,2155,1,31508.63
Calm,Light,High,83,Experienced,650,0,2120.83
Moderate,Heavy,High,92,Low,479,1,11462.85
Rough,Heavy,High,94,Experienced,1803,1,27320.19
Rough,Heavy,Low,84,Low,1486,1,16061.53
Calm,Light,Low,83,Low,2106,0,7176.52
Rough,Medium,Medium,93,Experienced,3467,1,34996.39
Calm,Heavy,Medium,91,Experienced,1073,0,3163.21
Calm,Heavy,Medium,72,Experienced,809,0,3074.53
Calm,Light,Medium,93,Low,664,0,2403.76
Rough,Light,High,92,Experienced,3328,1,26796.93
Calm,Medium,Low,88,Experienced,652,0,2114.09
Calm,Heavy,High,94,Low,3147,1,27303.9
Moderate,Medium,Medium,81,Low,1406,0,4983.33
Calm,Medium,Low,71,Experienced,1548,0,4348.5
Calm,Light,Medium,72,Experienced,711,0,2248.07
Calm,Medium,High,87,Experienced,1034,0,2685.82
Calm,Heavy,Low,98,Experienced,3328,0,12439.94
Calm,Medium,Low,70,Experienced,417,0,1121.28
Calm,Heavy,High,89,Low,781,1,20133.07
Moderate,Heavy,Low,90,Experienced,491,0,1864.01
Calm,Light,Medium,98,Experienced,2938,0,9392.42
Calm,Medium,Medium,75,Low,2937,1,25580.68
Rough,Light,Medium,74,Experienced,3006,1,33530.09
Calm,Heavy,Medium,70,Low,406,1,12267.71
Moderate,Medium,Low,88,Experienced,681,0,2143.59
Calm,Medium,Medium,70,Experienced,1082,0,3980.37
Calm,Heavy,Low,96,Low,2737,0,8741.12
Calm,Medium,Medium,90,Experienced,543,0,2123.92
Calm,Heavy,Low,90,Experienced,2932,0,9469.06
Calm,Medium,Medium,85,Low,3216,1,30676.57
Calm,Light,Low,81,Experienced,767,0,2820.73
Calm,Medium,Low,96,Experienced,1165,0,4348.21
Calm,Heavy,Low,98,Experienced,3281,0,10931.42
Calm,Medium,Low,91,Low,1861,0,5154.41
Calm,Heavy,High,77,Experienced,1533,1,24982.25
Calm,Heavy,Low,95,Low,903,0,3568.75
Moderate,Light,High,85,Experienced,1960,0,7113.78
Moderate,Heavy,High,97,Low,3362,1,34911.21
Calm,Light,Medium,70,Experienced,1396,0,3558.74
Moderate,Light,Low,73,Experienced,2315,0,7412.14
Moderate,Light,Low,79,Experienced,1958,0,6794.13
Calm,Heavy,High,80,Experienced,2033,1,26594.86
Rough,Medium,Low,86,Low,1913,1,29463.1
Rough,Light,Low,94,Low,1159,0,4379.47
Calm,Medium,Medium,96,Experienced,2179,0,7239.95
Calm,Medium,High,92,Experienced,1576,0,4406.45
Moderate,Light,High,76,Low,312,0,928.48
Moderate,Heavy,Low,81,Experienced,2646,0,7733.98
Calm,Heavy,Medium,90,Experienced,1399,0,4611.51
Calm,Medium,Low,76,Experienced,1374,0,3541.52
Calm,Heavy,Low,81,Low,1086,0,2973.26
Calm,Medium,High,84,Low,448,0,1666.13
Moderate,Heavy,Low,71,Low,2054,1,22410.74
Calm,Medium,Low,83,Experienced,2469,0,7036.88
Calm,Medium,Low,82,Experienced,1603,0,5097.63
Moderate,Light,High,73,Experienced,2885,1,29230.86
Calm,Heavy,High,83,Experienced,1479,0,5391.57
Calm,Medium,Medium,83,Experienced,2723,0,8634.63
Moderate,Light,High,85,Experienced,381,0,1403.91
Rough,Light,Low,76,Experienced,791,0,2711.17
Moderate,Medium,Medium,88,Low,2703,1,18183.99
Moderate,Medium,Low,71,Experienced,2325,0,6357.71
Calm,Heavy,Low,79,Experienced,1224,0,3862.39
Calm,Heavy,Medium,87,Low,1596,1,17417.33
Moderate,Light,High,98,Low,1903,0,6879.95
Calm,Heavy,Low,86,Low,3415,1,29697.01
Calm,Light,Low,74,Experienced,3352,0,10331.53
Calm,Heavy,Low,81,Experienced,1896,0,5225.64
Calm,Heavy,Low,75,Experienced,422,0,1198.59
Calm,Medium,High,91,Experienced,1007,0,3386.79
Calm,Heavy,Medium,78,Low,2677,1,25824.53
Calm,Medium,Medium,89,Experienced,1290,0,4221.38
Calm,Medium,High,70,Low,2670,1,24976.34
Rough,Heavy,Low,91,Experienced,3482,1,26380.03
Moderate,Medium,Medium,84,Experienced,3117,0,11778.54
Moderate,Medium,Medium,90,Experienced,2340,0,6755.37
Moderate,Medium,Medium,95,Experienced,3460,0,11200.96
Calm,Heavy,High,75,Experienced,2780,1,34169.75
Calm,Medium,High,88,Low,1009,0,3026.86
Moderate,Light,Low,87,Experienced,1093,0,3708.08
Moderate,Heavy,High,75,Experienced,1011,1,15695.03
Moderate,Heavy,Low,82,Low,3470,1,32019.12
Calm,Light,Low,70,Experienced,2886,0,7603.02
Calm,Light,Low,92,Experienced,2948,0,11611.74
Calm,Light,Low,92,Low,2017,0,7207.74
Calm,Medium,Medium,95,Experienced,556,0,2047.33
Moderate,Medium,Medium,82,Low,1512,0,5376.91
Moderate,Heavy,High,76,Experienced,1170,1,24161.9
Calm,Medium,Medium,84,Low,3246,1,29862.53
Rough,Medium,Medium,81,Experienced,2031,1,29818.22
Moderate,Medium,Low,96,Low,1108,0,4360.26
Calm,Heavy,Low,95,Experienced,3024,0,9823.63
Calm,Medium,Medium,70,Experienced,570,0,2221.46
Calm,Heavy,Medium,84,Experienced,1843,0,6220.12
Calm,Medium,High,73,Experienced,849,0,2808.13
Calm,Light,Low,82,Experienced,1437,0,4572.14
Calm,Medium,Low,92,Low,867,0,2439.68
Calm,Medium,Medium,96,Low,3333,0,8351.1
Calm,Medium,Low,94,Experienced,658,0,1883.37
Rough,Light,Low,74,Experienced,1973,0,6441.03
Calm,Light,Medium,98,Low,1937,0,5946.47
Moderate,Heavy,Low,71,Experienced,1657,0,5257.21
Calm,Light,Medium,92,Low,2012,0,7989.6
Rough,Heavy,Low,95,Low,1662,1,14676.42
Calm,Light,Low,70,Experienced,1097,0,3486.57
Calm,Medium,Low,85,Experienced,1584,0,4277.23
Rough,Medium,High,92,Experienced,1186,1,27004.28
Rough,Medium,Low,75,Experienced,2058,0,7538.69
Moderate,Medium,High,92,Experienced,1522,0,5107.87
Calm,Light,Low,85,Experienced,2558,0,9313.82
Calm,Light,High,83,Low,586,0,1596.73
Moderate,Medium,Low,98,Low,2015,0,6765.85
Rough,Medium,Medium,95,Experienced,2085,0,6005.77
Moderate,Heavy,Medium,72,Experienced,1042,0,2961.46
Moderate,Heavy,High,84,Experienced,1805,1,22983.25
Calm,Heavy,Low,72,Low,2340,1,23349.98
Moderate,Heavy,Low,92,Low,1346,0,3989.41
Calm,Medium,Low,98,Experienced,3480,0,9310.11
Calm,Light,High,71,Low,595,0,2367.38
Calm,Heavy,Medium,70,Experienced,2353,0,6971.82
Moderate,Medium,High,78,Low,2897,1,30997.63
Calm,Medium,Low,78,Low,980,0,2742.65
Calm,Light,Low,92,Experienced,2191,0,7408.99
Moderate,Medium,Low,76,Experienced,1094,0,2840.1
Calm,Medium,High,72,Low,502,1,9957.48
Moderate,Heavy,Medium,95,Low,624,0,2459.96
Calm,Medium,High,100,Experienced,3172,0,9104.02
Calm,Medium,Low,87,Low,2591,0,8226.8
Moderate,Heavy,Medium,80,Experienced,626,0,1585.78
Calm,Light,Medium,76,Experienced,1286,0,4450.93
Calm,Medium,Low,78,Low,3418,0,10667.2
Calm,Light,High,70,Experienced,1060,0,3079.39
Calm,Heavy,High,98,Low,1336,1,12670.77
Rough,Heavy,High,83,Experienced,1206,1,12405.18
Calm,Light,Medium,89,Experienced,1703,0,5320.73
Moderate,Heavy,Low,75,Experienced,664,0,1838.94
Calm,Light,Low,76,Low,1544,0,5455.98
Moderate,Heavy,High,79,Experienced,2420,1,21726.29
Moderate,Heavy,Low,76,Experienced,1948,0,7379.04
Moderate,Heavy,Medium,95,Experienced,1369,0,3663.74
Calm,Light,Medium,71,Experienced,573,0,2107.78
Calm,Heavy,Medium,99,Low,2555,1,25680.04
Calm,Heavy,High,73,Experienced,2252,1,25454.64
Rough,Medium,Low,90,Low,2184,1,22317.45
Moderate,Heavy,Low,99,Low,423,0,1337.66
Rough,Light,Low,97,Experienced,3381,0,13244.99
Calm,Heavy,Medium,86,Low,1652,1,18421.97
Moderate,Light,Low,70,Experienced,2890,0,10011.68
Rough,Heavy,Low,79,Experienced,1991,1,26982.27
Calm,Medium,High,88,Experienced,2407,0,9472.08
Calm,Light,High,100,Experienced,3246,0,9721.65
Moderate,Light,Low,84,Experienced,3233,0,12748.62
Moderate,Light,Low,79,Low,3129,0,12053.62
Moderate,Medium,High,88,Experienced,741,0,2153.03
Calm,Medium,Low,81,Low,1540,0,5706.18
Moderate,Medium,Low,93,Low,1210,0,4832.02
Calm,Light,Low,85,Experienced,1325,0,3814.67
Calm,Light,Medium,78,Experienced,1859,0,5865.45
Calm,Heavy,Low,84,Experienced,2041,0,6695.03
Moderate,Light,High,99,Low,3179,1,30097.52
Moderate,Heavy,Medium,96,Experienced,3355,1,18774.38
Moderate,Heavy,Medium,97,Low,2034,1,14889.29
Calm,Medium,Low,86,Experienced,925,0,2703.69
Rough,Medium,Medium,83,Experienced,1990,1,30568.01
Calm,Heavy,Medium,96,Experienced,1297,0,3575.38
Moderate,Light,High,87,Low,3081,1,27273.55
Calm,Light,High,95,Low,390,0,1387.37
Calm,Light,Medium,71,Low,2514,0,6606.29
Calm,Heavy,High,100,Experienced,3306,1,33601.82
Calm,Light,High,73,Experienced,506,0,1761.13
Moderate,Medium,High,87,Low,1388,1,24243.15
Moderate,Heavy,Low,76,Experienced,2211,0,5537.52
Calm,Heavy,Low,82,Experienced,815,0,2340.6
Rough,Medium,Low,84,Experienced,1480,0,5759.7
Calm,Light,Medium,94,Experienced,2092,0,8155.04
Moderate,Heavy,Medium,92,Experienced,3094,1,33876.05
Rough,Medium,Medium,97,Low,2653,1,27169.79
Moderate,Light,High,91,Low,2201,1,19326.11
Calm,Light,High,100,Low,2305,0,7539.23
Rough,Heavy,High,95,Experienced,694,1,10544.18
Moderate,Medium,Low,70,Experienced,1397,0,3872.24
Calm,Heavy,Medium,80,Experienced,486,0,1805.71
Calm,Heavy,Low,79,Low,1897,0,5126.75
Moderate,Medium,Low,94,Experienced,1891,0,6056.83
Moderate,Medium,Low,74,Low,2970,1,33524.91
Moderate,Medium,Low,85,Low,1029,0,2859.33
Rough,Medium,Medium,80,Experienced,539,0,2138.21
Moderate,Medium,High,90,Experienced,2880,1,34752.97
Calm,Heavy,Low,75,Experienced,440,0,1466.71
Calm,Medium,Medium,78,Experienced,438,0,1206.78
Calm,Heavy,Medium,82,Low,2806,1,20036.87
Moderate,Medium,Low,93,Low,369,0,1157.46
Calm,Medium,Medium,77,Low,684,0,2027.37
Moderate,Medium,Low,83,Experienced,929,0,2713.57
Moderate,Medium,Medium,93,Experienced,2545,0,10073.99
Rough,Heavy,Medium,70,Experienced,504,1,17478.55
Calm,Light,Low,86,Experienced,2049,0,7376.38
Moderate,Medium,Low,93,Low,867,0,2168.03
Calm,Light,Medium,74,Low,1281,0,4348.06
Moderate,Medium,High,94,Experienced,1104,0,4276.8
Calm,Medium,Low,71,Low,2010,0,5893.12
Calm,Medium,Medium,94,Experienced,3206,0,8907.19
Moderate,Heavy,Medium,97,Experienced,1181,0,4106.95
Calm,Medium,High,99,Experienced,2335,0,8333.39
Calm,Heavy,High,93,Low,1273,1,18151.46
Moderate,Medium,Medium,78,Low,939,0,2797.26
Moderate,Medium,Medium,73,Experienced,1754,0,5048.54
Moderate,Light,High,86,Experienced,624,0,2454.74
Moderate,Light,Low,86,Experienced,741,0,2878.75
Moderate,Medium,Low,90,Experienced,1103,0,3514.13
Calm,Medium,Low,87,Experienced,2635,0,9932.08
Calm,Light,High,85,Experienced,525,0,1668.7
Calm,Light,High,99,Low,1387,0,4350.44
Rough,Light,Low,77,Experienced,1266,0,3462.69
Moderate,Heavy,Medium,95,Low,3285,1,18453.41
Calm,Medium,Medium,80,Low,859,0,2839.96
Calm,Medium,Low,90,Experienced,1013,0,2566.7
Rough,Light,High,90,Experienced,797,0,2523.44
Calm,Medium,Low,87,Experienced,3196,0,11735.82
Moderate,Light,Low,92,Experienced,3273,0,11521.19
Moderate,Light,Medium,98,Experienced,2407,0,8310.73
Moderate,Medium,Medium,93,Experienced,556,0,2148.57
Calm,Light,Low,79,Experienced,876,0,2213.69
Rough,Light,Medium,82,Experienced,2586,0,8625.79
Rough,Light,Medium,86,Experienced,337,0,1240.5
Moderate,Light,Low,87,Experienced,2372,0,7856.07
Moderate,Light,Low,79,Experienced,709,0,2116.96
Rough,Medium,Medium,85,Low,760,1,25247.35
Moderate,Heavy,Low,89,Experienced,3335,0,12777.53
Calm,Medium,High,74,Low,1740,1,23144.79
Moderate,Medium,High,82,Experienced,2704,1,20017.06
Moderate,Light,High,87,Low,682,0,2304.33
Calm,Heavy,Low,86,Experienced,2132,0,7486.07
Moderate,Medium,High,78,Experienced,868,0,3217.15
Rough,Light,Medium,83,Low,1371,1,22271.33
Rough,Medium,Low,86,Low,732,0,2267.06
Calm,Light,Low,98,Low,355,0,1161.01
Calm,Medium,Low,100,Experienced,2924,0,10832.16
Rough,Medium,Medium,73,Low,2615,1,16019.18
Moderate,Heavy,Medium,87,Low,2416,1,28318.11
Calm,Medium,Low,96,Low,2051,0,5421.89
Rough,Heavy,Medium,89,Experienced,2347,1,30855.82
Rough,Heavy,Low,93,Low,1201,1,18990.01
Moderate,Light,Medium,93,Experienced,1924,0,6680.73
Moderate,Light,Low,84,Low,3140,0,9796.15
Calm,Medium,High,80,Experienced,556,0,1728.29
Calm,Medium,High,81,Low,971,0,3417.27
Calm,Medium,Medium,78,Experienced,789,0,2051.91
Moderate,Heavy,Low,82,Low,3093,1,31665.24
Calm,Heavy,Low,84,Experienced,2396,0,8764.68
Calm,Medium,High,96,Experienced,1982,0,7417.28
Calm,Medium,Low,84,Experienced,615,0,1694.81
Moderate,Heavy,Low,97,Experienced,2760,0,10615.31
Rough,Heavy,Low,74,Experienced,733,0,2553.93
Calm,Heavy,Medium,92,Experienced,1325,0,5065.19
Calm,Light,Medium,88,Experienced,2275,0,7343.52
Moderate,Medium,High,95,Low,2279,1,26665.55
Calm,Light,Low,89,Experienced,1689,0,6550.88
Calm,Light,Low,95,Experienced,719,0,2768.05
Calm,Light,High,94,Low,1896,0,6014.57
Calm,Medium,High,95,Low,1884,0,5485.49
Calm,Medium,Low,95,Low,1143,0,3531.59
Calm,Light,Medium,83,Experienced,1767,0,5445.27
Calm,Medium,Low,97,Low,3263,0,9561.57
Rough,Medium,High,86,Low,733,1,15291.06
Calm,Medium,Low,87,Low,2990,0,11336.87
Moderate,Light,High,90,Experienced,1878,0,4891.8
Moderate,Medium,Medium,72,Experienced,2404,0,8453.47
Calm,Heavy,Medium,71,Low,1263,1,19001.53
Moderate,Light,Low,70,Low,1276,0,3849.38
Calm,Light,Medium,79,Low,345,0,894.35
Rough,Medium,Medium,88,Experienced,1493,0,4337.11
Calm,Heavy,Low,86,Experienced,716,0,2615.28
Calm,Medium,Medium,81,Experienced,1147,0,4390.17
Calm,Medium,High,70,Low,2486,1,23490.48
Rough,Medium,Medium,81,Experienced,546,0,1744.65
Moderate,Medium,Medium,86,Experienced,529,0,1695.7
Moderate,Light,Low,93,Low,1091,0,4157.11
Calm,Medium,Medium,100,Low,936,0,3410.97
Moderate,Heavy,Low,72,Experienced,2721,0,8896.62
Calm,Medium,Medium,80,Experienced,3451,0,12099.62
Rough,Heavy,High,86,Experienced,1037,1,15672.26
Calm,Heavy,Medium,92,Experienced,1388,0,3489.86
Calm,Light,Low,95,Experienced,387,0,1201.38
Calm,Heavy,Low,72,Low,3459,1,35753.94
Calm,Light,Medium,77,Experienced,1012,0,3653.8
Moderate,Medium,Medium,89,Experienced,2049,0,6790.92
Calm,Light,High,73,Low,1527,0,5030.65
Moderate,Light,High,90,Experienced,2236,0,6756.42
Calm,Medium,Medium,91,Low,1705,0,5593.73
Moderate,Light,Low,76,Low,900,0,3134.77
Calm,Medium,Low,83,Experienced,1799,0,5626.45
Calm,Medium,Low,83,Experienced,2886,0,10306.57
Moderate,Light,Low,73,Experienced,513,0,1945.22
Calm,Light,Medium,85,Low,2421,0,6614.24
Calm,Medium,Medium,93,Experienced,2408,0,7650.99
Rough,Medium,Medium,98,Experienced,997,0,3102.69
Rough,Heavy,Low,91,Experienced,1542,0,5445.11
Calm,Medium,Low,99,Experienced,2359,0,6781.66
Calm,Heavy,Low,70,Experienced,3161,0,10938.25
Moderate,Medium,Low,86,Low,2379,0,9078.82
Calm,Medium,High,94,Experienced,1483,0,4637.63
Calm,Medium,Low,79,Low,1300,0,5026.48
Calm,Light,Medium,91,Low,536,0,2138.5
Moderate,Medium,Low,85,Experienced,1504,0,3999.34
Moderate,Heavy,High,85,Experienced,2905,1,17880.16
Calm,Medium,Medium,95,Low,1781,0,6991.44
Calm,Heavy,Low,77,Experienced,1403,0,5524.3
Calm,Heavy,Medium,98,Low,946,0,2503.65
Moderate,Heavy,Medium,76,Experienced,3334,1,18011.58
Calm,Heavy,High,97,Experienced,3167,1,29505.61
Calm,Medium,Low,75,Experienced,772,0,3083.38
Moderate,Medium,High,85,Low,411,1,13377.86
Calm,Medium,High,89,Experienced,2145,0,6979.45
Moderate,Medium,High,85,Experienced,1954,0,7371.71
Calm,Medium,Medium,76,Experienced,682,0,1725.87
Calm,Heavy,Medium,78,Experienced,316,0,1076.53
Calm,Medium,Medium,83,Experienced,792,0,2309.11
Moderate,Medium,High,80,Low,3273,1,34811.44
Rough,Light,Medium,95,Experienced,2196,0,6423.72
Moderate,Medium,Medium,95,Experienced,1809,0,6386.01
Calm,Light,Medium,83,Low,416,0,1460.71
Moderate,Heavy,Medium,76,Experienced,1878,1,17268.65
Calm,Medium,High,70,Low,1179,1,21616.12
Calm,Light,Low,95,Experienced,2462,0,7666.36
Rough,Light,High,94,Experienced,2118,1,14884.45
Calm,Medium,Medium,82,Low,1872,0,6951.61
Calm,Medium,High,89,Experienced,3161,0,11697.43
Calm,Medium,Medium,100,Low,1948,0,6205.42
Calm,Light,Low,72,Experienced,943,0,3215.41
Calm,Medium,High,89,Low,1659,1,23059.5
Moderate,Medium,Low,73,Experienced,635,0,2375.37
Calm,Medium,High,98,Low,3269,1,26234.65
Rough,Medium,Medium,95,Experienced,446,0,1299.27
Moderate,Medium,Medium,80,Experienced,421,0,1219.87
Calm,Light,Low,71,Low,380,0,1255.63
Calm,Heavy,Medium,83,Experienced,3032,0,9622.73
Calm,Medium,Low,81,Experienced,3009,0,9508.99
Moderate,Medium,Low,99,Experienced,2722,0,7177.11
Calm,Light,Low,86,Low,2410,0,8622.75
Moderate,Medium,Low,81,Experienced,803,0,2264.95
Calm,Light,High,95,Low,967,0,2703.18
Moderate,Medium,High,81,Low,2796,1,20804.97
Calm,Heavy,Low,70,Experienced,3215,0,9135.96
Calm,Medium,Medium,82,Low,1744,0,5887.37
Rough,Light,Low,83,Low,1645,0,5029.09
Moderate,Light,Medium,93,Low,3027,0,9605.78
Calm,Medium,High,99,Low,1489,0,4922.27
Rough,Light,High,71,Low,1920,1,17326.62
Calm,Light,Medium,81,Experienced,2280,0,6232.67
Rough,Heavy,High,95,Low,1972,1,29710.87
Moderate,Medium,Low,90,Experienced,2808,0,8846.84
Calm,Light,High,97,Low,758,0,2363.55
Calm,Heavy,Low,85,Experienced,1512,0,3860.77
Calm,Light,Medium,73,Low,763,0,2477.43
Moderate,Heavy,Medium,77,Experienced,1211,0,4034.15
Moderate,Medium,Medium,71,Experienced,2726,0,9100.1
Calm,Heavy,Low,79,Low,1325,0,4717.72
Calm,Medium,High,78,Experienced,2711,0,7499.23
Moderate,Heavy,Low,92,Experienced,371,0,1067.86
Rough,Heavy,Medium,84,Low,1750,1,22282.91
Moderate,Light,Low,82,Experienced,2985,0,11703.46
Calm,Heavy,Low,92,Experienced,1493,0,4036.92
Calm,Medium,Medium,86,Experienced,2148,0,6973.43
Calm,Medium,Medium,99,Low,2684,0,7572.27
Rough,Medium,Low,85,Experienced,2322,0,6014.23
Calm,Medium,Low,97,Experienced,2542,0,7596.14
Moderate,Light,Medium,71,Experienced,1311,0,3560.06
Calm,Medium,High,89,Experienced,952,0,3393.78
Moderate,Medium,High,89,Low,1598,1,23927.28
Moderate,Heavy,Low,96,Experienced,306,0,831.02
Moderate,Heavy,Low,83,Low,1204,0,3026.69
Calm,Medium,Low,72,Low,3326,0,12346.9
Calm,Medium,Low,92,Experienced,2328,0,6435.27
Calm,Light,Medium,81,Experienced,2913,0,9931.36
Rough,Light,Medium,77,Low,915,1,21630.75
Rough,Light,Low,71,Experienced,2173,0,7340.89
Moderate,Medium,Low,73,Experienced,2920,0,8682.56
Moderate,Light,Low,83,Experienced,2946,0,7749.19
Moderate,Heavy,High,85,Experienced,1069,1,13929.53
Calm,Medium,High,88,Experienced,2589,0,7202.83
Rough,Medium,Low,71,Low,1866,1,24579.84
Calm,Medium,Low,81,Low,1785,0,6225.05
Calm,Light,High,98,Experienced,3451,0,9993.09
Moderate,Medium,High,83,Low,1740,1,27488.43
Calm,Medium,Medium,75,Experienced,1065,0,3491.5
Calm,Medium,Low,82,Experienced,683,0,2328.1
Moderate,Medium,Low,73,Experienced,2738,0,10799.51
Calm,Heavy,Medium,91,Low,3243,1,31940.09
Moderate,Heavy,Low,87,Experienced,987,0,3165.07
Calm,Medium,Low,81,Experienced,1449,0,4868.79
Calm,Medium,Medium,89,Experienced,346,0,1346.58
Calm,Medium,Low,96,Low,2272,0,8503.11
Calm,Light,High,91,Experienced,2966,0,8851.93
Moderate,Medium,Low,99,Experienced,763,0,2179.04
Calm,Light,Low,90,Experienced,2172,0,6285.66
Moderate,Medium,Medium,88,Experienced,422,0,1374.3
Calm,Medium,Low,77,Low,2481,0,8971.48
Moderate,Light,High,76,Low,1942,1,17163.21
Rough,Heavy,Medium,85,Experienced,1140,1,11449.71
Moderate,Heavy,Low,88,Experienced,1885,0,6758.42
Calm,Heavy,Medium,75,Experienced,3196,1,36445.53
Calm,Medium,Low,89,Low,2954,0,8667.77
Calm,Heavy,High,96,Low,2103,1,17369.63
Moderate,Light,Low,90,Low,322,0,1011.04
Calm,Heavy,Medium,80,Low,865,0,3316.13
Calm,Light,Low,74,Experienced,2209,0,8323.15
Moderate,Heavy,Medium,85,Experienced,3113,1,28818.77
Calm,Light,High,76,Low,1264,0,4471.09
Moderate,Heavy,High,96,Low,2582,1,27088.18
Calm,Heavy,Low,74,Low,1295,0,4200.43
Calm,Light,Low,80,Experienced,3430,0,10186.68
Moderate,Medium,High,84,Low,1487,1,25725.18
Calm,Heavy,High,72,Experienced,2094,1,30331.77
Moderate,Medium,Low,95,Experienced,1125,0,3468.15
Calm,Heavy,Medium,74,Experienced,515,0,1956.27
Calm,Medium,Low,92,Experienced,956,0,3428.82
Moderate,Medium,High,90,Experienced,3282,1,30208.4
Moderate,Light,Low,74,Experienced,1413,0,3987.65
Moderate,Light,Low,78,Low,2287,0,6938.65
Calm,Heavy,High,84,Experienced,610,0,1784.96
Moderate,Medium,Low,72,Experienced,856,0,2366.1
Calm,Medium,Medium,98,Low,3319,0,11998.18
Calm,Medium,Medium,75,Experienced,2604,0,7494.58
Rough,Medium,Low,86,Low,2880,1,25215.93
Calm,Heavy,Low,95,Experienced,1856,0,5714.23
Rough,Heavy,Medium,90,Experienced,351,0,1394.56
Calm,Medium,Low,77,Experienced,1661,0,5126.91
Calm,Heavy,Medium,90,Experienced,1494,0,3914.24
Moderate,Heavy,High,94,Experienced,3438,1,31192.31
Rough,Medium,High,80,Experienced,1948,1,19263.91
Moderate,Heavy,Low,75,Experienced,2647,0,8997.27
Moderate,Light,Low,77,Experienced,971,0,3037.42
Moderate,Light,Low,79,Experienced,1077,0,3390.14
Moderate,Heavy,Low,93,Experienced,1131,0,2919.0
Moderate,Medium,Medium,98,Experienced,2579,0,8445.76
Calm,Heavy,Medium,72,Experienced,3322,1,35258.86
Calm,Heavy,Low,92,Experienced,2160,0,5884.54
Calm,Light,Low,83,Experienced,3439,0,9133.16
Rough,Heavy,Low,92,Low,1829,1,29642.33
Rough,Medium,Medium,83,Experienced,2375,1,14635.74
Calm,Medium,Low,79,Experienced,2272,0,7757.89
Moderate,Medium,Medium,81,Low,1374,0,3839.95
Rough,Heavy,Low,75,Low,2016,1,14488.62
Calm,Light,High,81,Experienced,1583,0,4369.65
Moderate,Medium,High,92,Low,890,1,27402.41
Rough,Medium,Low,83,Low,3132,1,20045.0
Calm,Heavy,Low,71,Experienced,2967,0,8443.32
Moderate,Medium,Medium,78,Experienced,2286,0,6838.22
Calm,Light,Low,79,Experienced,2933,0,8255.92
Rough,Light,Medium,95,Experienced,1301,0,4212.4
Rough,Medium,High,86,Experienced,2531,1,25987.89
Rough,Heavy,Medium,86,Low,1346,1,24282.36
Calm,Light,High,72,Experienced,2476,0,8133.01
Rough,Light,Low,99,Experienced,2638,0,10150.91
Moderate,Heavy,Low,100,Experienced,2155,0,5918.9
Calm,Light,Medium,88,Low,800,0,2964.93
Moderate,Heavy,Low,70,Experienced,2533,0,9341.56
Calm,Medium,Medium,81,Low,778,0,2093.42
Moderate,Heavy,Low,76,Experienced,1894,0,5867.31
Calm,Light,Low,73,Low,2839,0,7822.1
Calm,Light,High,79,Experienced,812,0,2340.25
Calm,Heavy,Low,82,Experienced,3438,0,9952.56
Moderate,Heavy,High,71,Low,2814,1,34030.33
Calm,Heavy,High,79,Experienced,2632,1,17711.01
Moderate,Light,High,90,Experienced,900,0,3529.44
Calm,Heavy,Medium,91,Experienced,1740,0,4679.83
Calm,Heavy,Medium,94,Experienced,1423,0,5635.85
Moderate,Medium,High,73,Experienced,488,0,1388.83
Moderate,Heavy,Low,87,Experienced,1288,0,4713.19
Calm,Heavy,Medium,74,Low,3237,1,25055.54
Moderate,Medium,Medium,88,Low,2181,1,20882.4
Rough,Light,Medium,71,Low,687,1,16971.98
Moderate,Medium,Medium,81,Experienced,2588,0,7669.0
Calm,Light,Low,86,Low,2105,0,7342.84
Calm,Medium,Medium,79,Low,2333,0,7814.77
Rough,Medium,High,71,Experienced,2054,1,16426.58
Calm,Light,Low,75,Experienced,2764,0,8965.67
Rough,Medium,High,77,Experienced,2523,1,18755.83
Moderate,Light,Medium,98,Low,686,0,1805.32
Rough,Heavy,High,88,Experienced,1794,1,16725.83
Moderate,Heavy,Medium,80,Experienced,1152,0,4427.96
Rough,Light,High,100,Experienced,3010,1,15908.65
Calm,Heavy,Low,94,Low,751,0,2035.95
Moderate,Medium,High,100,Experienced,2624,0,9380.66
Calm,Light,Low,81,Experienced,2058,0,6494.89
Calm,Light,High,78,Low,512,0,1589.93
Moderate,Medium,High,71,Experienced,340,0,919.85
Rough,Heavy,Low,77,Experienced,1445,1,18815.13
Rough,Heavy,Low,95,Low,2641,1,15877.08
Moderate,Light,High,80,Experienced,899,0,2890.22
Calm,Light,Low,97,Low,2324,0,8471.96
Calm,Medium,High,90,Low,2888,1,30289.47
Moderate,Light,Low,73,Experienced,2330,0,7505.35
Calm,Light,Low,79,Experienced,2082,0,8303.07
Calm,Light,High,90,Experienced,2151,0,7592.98
Calm,Heavy,Medium,89,Experienced,2798,0,10526.17
Calm,Heavy,High,85,Low,2079,1,29927.8
Calm,Medium,Low,77,Experienced,3432,0,12532.95
Calm,Heavy,Medium,73,Experienced,3137,1,31473.51
Calm,Medium,Medium,98,Experienced,2681,0,7196.79
Calm,Medium,Medium,79,Experienced,2204,0,6181.35
Rough,Light,Medium,81,Experienced,3238,1,22828.7
Calm,Medium,Medium,98,Experienced,2391,0,9010.76
Calm,Heavy,Medium,83,Experienced,443,0,1337.59
Moderate,Medium,Low,85,Low,632,0,2200.58
Calm,Medium,High,91,Experienced,1297,0,4622.47
Rough,Medium,Low,87,Low,1719,1,21932.88
Moderate,Light,Medium,90,Low,354,0,1074.7
Calm,Heavy,Low,91,Low,1630,0,5485.9
Calm,Medium,Medium,90,Experienced,3217,0,9694.1
Rough,Medium,Medium,81,Experienced,1746,1,21982.98
Rough,Medium,Low,87,Experienced,1740,0,6941.22
Calm,Medium,Low,99,Experienced,3144,0,8459.79
Moderate,Light,Low,76,Experienced,2672,0,6969.97
Calm,Medium,Medium,89,Low,2033,0,7761.58
Rough,Light,High,93,Low,1994,1,18007.07
Calm,Heavy,Low,92,Experienced,379,0,1317.19
Rough,Heavy,Medium,76,Experienced,3402,1,22140.33
Moderate,Heavy,Low,78,Experienced,1284,0,3963.94
Moderate,Medium,Medium,70,Experienced,3483,1,32908.82
Moderate,Medium,High,95,Low,2905,1,28862.39
Calm,Light,Low,75,Experienced,1164,0,3627.08
Calm,Heavy,Medium,75,Experienced,3064,1,20484.09
Calm,Light,Low,91,Experienced,1887,0,6165.4
Calm,Medium,Low,98,Low,771,0,3018.73
Moderate,Light,Low,81,Experienced,2421,0,6204.59
Calm,Light,Low,91,Experienced,1876,0,6105.63
Calm,Medium,Medium,81,Low,1802,0,6084.16
Rough,Light,Medium,79,Experienced,888,0,3445.7
Rough,Heavy,Medium,92,Experienced,1710,1,27000.93
Rough,Medium,Low,99,Experienced,2205,0,7409.35
Rough,Light,Low,95,Experienced,863,0,3262.52
Calm,Medium,Medium,75,Experienced,766,0,2192.97
Calm,Light,High,86,Experienced,898,0,3425.37
Moderate,Light,Low,88,Low,1944,0,4915.53
Moderate,Heavy,High,87,Low,1291,1,20034.23
Calm,Light,Medium,75,Low,2232,0,8704.06
Moderate,Heavy,Medium,93,Experienced,3084,1,34516.38
Calm,Light,Medium,88,Experienced,3341,0,10552.7
Calm,Light,Low,79,Experienced,2595,0,6662.2
Moderate,Heavy,Low,93,Experienced,1904,0,7387.85
Moderate,Medium,Medium,77,Experienced,3491,0,11190.21
Moderate,Light,Low,90,Experienced,366,0,930.92
Calm,Medium,High,93,Low,2920,1,32280.3
Rough,Light,Medium,75,Experienced,3050,1,25232.99
Calm,Heavy,Low,90,Experienced,769,0,2065.93
Calm,Medium,Medium,94,Experienced,2840,0,8012.8
Rough,Heavy,Low,99,Experienced,2024,0,5255.79
Rough,Heavy,Medium,76,Experienced,3010,1,19824.18
Rough,Medium,Medium,93,Low,2633,1,27813.45
Moderate,Heavy,High,70,Experienced,1931,1,29254.62
Moderate,Medium,High,96,Experienced,2659,0,9906.51
Moderate,Heavy,Medium,87,Experienced,2656,1,34350.54
Calm,Light,Medium,93,Experienced,1074,0,3676.77
Calm,Medium,High,97,Experienced,3468,0,8736.36
Calm,Medium,Low,94,Experienced,3312,0,11733.9
Calm,Medium,Low,89,Experienced,1436,0,4490.37
Moderate,Medium,Low,81,Experienced,2311,0,7738.01
Calm,Heavy,Low,85,Experienced,2803,0,9736.56
Calm,Light,Medium,79,Experienced,1786,0,5403.28
Calm,Light,Medium,96,Experienced,431,0,1670.4
Moderate,Heavy,Medium,79,Experienced,1229,0,3319.48
Calm,Medium,Low,83,Low,3312,0,11616.07
Rough,Heavy,Medium,94,Experienced,1228,1,18979.36
Calm,Heavy,Low,89,Low,2468,0,9593.06
Calm,Heavy,Medium,79,Experienced,1520,0,4056.51
Moderate,Heavy,Medium,79,Low,1805,1,15802.17
Moderate,Light,Low,95,Low,933,0,2798.54
Calm,Light,Low,94,Low,3244,0,9927.77
Moderate,Heavy,Low,80,Low,3119,1,30006.73
Moderate,Medium,High,92,Low,1362,1,26006.29
Calm,Light,High,71,Experienced,2913,0,9217.81
Rough,Medium,Medium,94,Experienced,2859,1,19615.77
Moderate,Heavy,Low,89,Experienced,1484,0,4421.55
Moderate,Medium,Medium,77,Experienced,588,0,2184.8
Rough,Medium,Medium,99,Low,2547,1,20303.1
Rough,Medium,High,92,Experienced,2111,1,17790.55
Moderate,Light,Low,98,Low,827,0,2933.51
Moderate,Medium,Low,100,Low,1216,0,3607.21
Moderate,Medium,Medium,76,Experienced,2008,0,5320.19
Moderate,Light,Low,77,Low,1706,0,4962.24
Moderate,Heavy,Low,70,Experienced,1541,0,5775.17
Moderate,Medium,Low,90,Experienced,1410,0,5598.7
Calm,Heavy,Medium,71,Experienced,3453,1,28461.55
Rough,Heavy,High,87,Experienced,3433,1,17502.96
Rough,Light,High,84,Low,1098,1,23649.21
Calm,Medium,Medium,70,Experienced,1823,0,5438.23
Moderate,Medium,Medium,74,Low,3413,1,30505.62
Calm,Heavy,Low,71,Experienced,311,0,812.53
Calm,Light,Medium,89,Low,1132,0,4431.82
Moderate,Medium,Low,72,Experienced,3188,0,9715.83
Calm,Medium,Medium,88,Experienced,2990,0,11567.94
Moderate,Light,Low,87,Experienced,3486,0,12796.35
Moderate,Light,Low,98,Experienced,1541,0,5598.69
Moderate,Medium,Low,91,Experienced,1972,0,6724.68
Calm,Heavy,Low,87,Experienced,2453,0,8438.75
Calm,Medium,Low,83,Experienced,990,0,3422.43
Moderate,Medium,Low,99,Low,827,0,2847.43
Rough,Medium,High,93,Experienced,1795,1,24351.45
Moderate,Heavy,Medium,77,Low,3193,1,23324.49
Calm,Light,Medium,98,Low,1192,0,4289.34
Moderate,Heavy,High,99,Experienced,686,0,2514.48
Moderate,Light,High,81,Experienced,1549,0,5899.67
Moderate,Medium,Medium,90,Experienced,2828,0,7984.74
Calm,Light,High,79,Low,2077,1,29399.39
Moderate,Light,Low,92,Experienced,707,0,2279.61
Moderate,Medium,Low,89,Low,1976,0,6463.74
Rough,Light,Medium,86,Low,1197,1,13879.26
Calm,Heavy,Medium,80,Low,1010,1,18307.82
Moderate,Light,Medium,71,Experienced,2986,0,10021.85
Rough,Medium,Low,95,Experienced,3392,0,11161.74
Calm,Medium,Low,95,Low,1982,0,5068.58
Rough,Light,Medium,73,Experienced,3162,1,29040.4
Moderate,Light,Low,70,Low,1217,0,4554.09
Calm,Medium,Medium,84,Experienced,2550,0,6977.44
Calm,Medium,Medium,82,Experienced,716,0,2428.31
Moderate,Medium,Medium,77,Experienced,715,0,2424.15
Calm,Medium,High,94,Experienced,1771,0,4863.66
Moderate,Medium,High,73,Experienced,1835,1,14688.14
Calm,Light,Medium,79,Experienced,384,0,1524.51
Moderate,Medium,Medium,88,Experienced,466,0,1440.21
Calm,Heavy,Medium,87,Experienced,2731,0,7759.13
Rough,Medium,Low,74,Experienced,2815,0,7760.92
Rough,Medium,Low,99,Low,1395,0,4884.46
Rough,Medium,Low,88,Experienced,1109,0,3786.31
Moderate,Heavy,Medium,95,Experienced,3344,1,25762.27
Calm,Heavy,Medium,92,Low,1844,1,17735.01
Moderate,Medium,High,96,Experienced,2116,0,8126.08
Calm,Heavy,Low,91,Experienced,2820,0,8696.6
Calm,Light,Low,85,Experienced,1292,0,3837.31
Calm,Light,High,70,Experienced,1581,0,5048.99
Calm,Heavy,Low,81,Experienced,574,0,1770.85
Moderate,Heavy,Medium,93,Experienced,2073,0,7867.79
Moderate,Light,Medium,71,Experienced,3391,0,13204.19
Calm,Light,Medium,90,Experienced,2837,0,8383.85
Calm,Light,Low,94,Experienced,2056,0,7804.38
Rough,Light,Low,77,Experienced,2673,0,9816.02
Calm,Heavy,Low,87,Experienced,2876,0,11205.5
Calm,Medium,Medium,94,Experienced,1191,0,3416.53
Calm,Medium,Medium,85,Experienced,388,0,1305.79
Moderate,Medium,Low,74,Low,2833,0,8249.18
Moderate,Light,Medium,95,Low,1007,0,3762.29
Calm,Light,High,99,Experienced,2697,0,6764.04
Calm,Medium,Low,91,Experienced,3455,0,11564.68
Moderate,Heavy,Medium,82,Low,686,1,23909.17
Moderate,Heavy,Medium,88,Low,2434,1,23068.82
Calm,Light,Low,98,Low,2654,0,9202.37
Rough,Heavy,Low,72,Experienced,2173,1,22503.36
Calm,Heavy,Medium,95,Low,1477,0,5042.17
Calm,Heavy,High,77,Experienced,739,0,2793.24
Rough,Medium,High,96,Experienced,3087,1,25528.7
Calm,Medium,Medium,95,Experienced,2611,0,8562.13
Moderate,Medium,Medium,95,Experienced,1276,0,4052.33
Calm,Light,Low,100,Low,1034,0,2603.06
Calm,Light,Medium,81,Experienced,2768,0,9231.88
Rough,Light,Medium,71,Experienced,2840,1,24189.1
Calm,Medium,Low,80,Experienced,932,0,3157.5
Rough,Heavy,Medium,81,Experienced,1292,1,18785.97
Calm,Medium,Medium,97,Experienced,2758,0,9258.63
Calm,Light,Low,87,Low,472,0,1227.26
Calm,Heavy,High,82,Experienced,303,0,810.42
Moderate,Heavy,Low,74,Low,3201,1,33367.7
Calm,Heavy,Low,91,Experienced,1963,0,5717.18
Rough,Heavy,Low,81,Low,3333,1,18978.28
Calm,Medium,High,71,Low,2315,1,27415.84
Rough,Heavy,Medium,100,Experienced,1795,1,21382.43
Calm,Light,Low,74,Low,3481,0,10419.05
Rough,Medium,Medium,76,Experienced,1360,1,13720.0
Moderate,Light,Low,95,Low,2930,0,10154.37
Moderate,Light,High,95,Low,1354,0,4060.95
Moderate,Light,Medium,93,Experienced,680,0,2469.97
Moderate,Medium,Medium,81,Experienced,1591,0,5525.61
Moderate,Heavy,High,85,Experienced,3382,1,32770.01
Calm,Medium,Low,92,Low,2691,0,8961.41
Calm,Light,Low,77,Experienced,1892,0,4762.32
Rough,Heavy,Medium,99,Experienced,465,0,1648.31
Moderate,Medium,High,97,Experienced,3047,0,9336.2
Moderate,Medium,Low,78,Experienced,2689,0,10524.52
Calm,Medium,Low,84,Experienced,1342,0,5001.6
Calm,Light,Low,74,Experienced,1951,0,6597.39
Calm,Medium,Medium,82,Experienced,3327,0,9576.01
Moderate,Heavy,Low,74,Experienced,1507,0,4228.0
Calm,Light,Medium,80,Experienced,844,0,2540.93
Calm,Medium,High,79,Low,3381,1,21210.8
Calm,Heavy,Medium,89,Experienced,2539,0,7475.07
Calm,Heavy,Low,82,Experienced,2667,0,8727.48
Moderate,Light,Medium,78,Low,2927,1,25030.27
Calm,Light,Low,90,Low,2822,0,11193.66
Moderate,Light,High,83,Low,2984,1,21009.78
Calm,Medium,Medium,87,Low,2774,0,10812.82
Calm,Medium,Low,84,Experienced,3430,0,13275.36
Calm,Light,Medium,79,Experienced,396,0,1302.06
Calm,Heavy,Medium,93,Experienced,2843,0,10198.88
Calm,Medium,Medium,100,Low,3008,0,9487.45
Calm,Light,Low,76,Experienced,1601,0,5515.53
Moderate,Medium,High,77,Experienced,2356,1,22433.05
Calm,Medium,High,97,Experienced,756,0,2231.51
Moderate,Light,Medium,72,Experienced,2118,0,7132.04
Rough,Light,High,100,Low,572,1,21978.93
Moderate,Heavy,Low,84,Experienced,3287,0,11074.9
Calm,Medium,Medium,85,Experienced,1331,0,3899.82
Calm,Medium,Medium,73,Experienced,507,0,1546.57
Calm,Medium,Medium,90,Experienced,2237,0,5874.02
Calm,Light,Medium,75,Low,1960,0,5053.69
Rough,Light,Low,70,Experienced,1446,0,4164.75
Calm,Medium,Low,73,Experienced,1356,0,3541.02
Calm,Light,Low,80,Low,1836,0,4875.8
Moderate,Light,Low,81,Experienced,503,0,1870.85
Moderate,Heavy,Medium,95,Low,2865,1,27906.1
Moderate,Heavy,Low,98,Low,2132,0,7437.3
Calm,Heavy,Low,74,Low,2864,1,25412.14
Calm,Heavy,Medium,92,Low,742,0,2825.03
Moderate,Light,Medium,98,Experienced,988,0,3188.76
Calm,Heavy,High,90,Low,3197,1,24806.5
Calm,Light,Medium,85,Low,1132,0,3708.95
Calm,Heavy,Low,82,Experienced,2686,0,8253.91
Calm,Heavy,High,82,Experienced,1761,1,23796.52
Calm,Heavy,Medium,86,Experienced,1459,0,3898.16
Calm,Heavy,Low,96,Experienced,686,0,2740.9
Moderate,Medium,Medium,76,Experienced,2341,0,7346.84
Moderate,Light,High,77,Low,3396,1,30986.62
Moderate,Medium,Low,82,Experienced,2853,0,10171.84
Calm,Medium,Low,92,Low,1648,0,5019.56
Calm,Light,Low,96,Experienced,2018,0,7567.32
Calm,Medium,Low,85,Low,979,0,3114.6
Moderate,Heavy,Medium,99,Experienced,989,0,3539.96
Moderate,Light,Medium,98,Experienced,3232,0,8600.93
Calm,Heavy,Low,100,Experienced,3466,0,13063.97
Rough,Heavy,High,73,Low,1868,1,24296.6
Calm,Heavy,High,77,Experienced,2970,1,24511.89
Moderate,Heavy,Medium,85,Experienced,1469,0,3992.64
Moderate,Medium,High,100,Experienced,1192,0,3545.53
Rough,Heavy,Low,90,Low,1252,1,25508.26
Moderate,Heavy,Medium,79,Experienced,1554,0,4483.67
Moderate,Light,Medium,94,Experienced,1083,0,3448.48
Calm,Medium,High,81,Experienced,2346,0,5970.64
Moderate,Heavy,High,81,Experienced,2171,1,30923.31
Calm,Light,Low,95,Experienced,794,0,2665.44
Rough,Medium,High,74,Experienced,3409,1,26436.83
Moderate,Medium,Low,85,Experienced,1046,0,3425.76
Moderate,Light,High,70,Experienced,2784,1,25782.21
Calm,Medium,High,97,Low,2154,1,21985.05
Moderate,Heavy,Low,78,Experienced,2692,0,6894.69
Moderate,Medium,Medium,81,Low,2897,1,26528.93
Moderate,Light,Low,74,Low,3167,0,10651.65
Calm,Light,Medium,91,Experienced,2888,0,11337.97
Calm,Medium,Medium,89,Low,2491,0,9437.64
Calm,Heavy,Medium,91,Experienced,2935,0,8342.84
Calm,Light,High,97,Experienced,956,0,2705.64
Rough,Medium,Medium,93,Experienced,2182,0,6113.44
Calm,Light,Medium,72,Experienced,2692,0,10455.05
Rough,Medium,High,74,Experienced,3043,1,35789.76
Calm,Heavy,High,71,Low,2096,1,17223.43
Calm,Heavy,Low,83,Experienced,567,0,1751.52
Moderate,Light,High,71,Experienced,2516,0,8193.53
Moderate,Medium,Low,82,Experienced,2062,0,6591.18
Calm,Light,High,76,Experienced,2380,0,6854.63
Moderate,Medium,Low,79,Experienced,676,0,2202.1
Moderate,Medium,Low,82,Low,1885,0,4798.73
Calm,Light,Medium,85,Experienced,1763,0,4756.07
Rough,Light,Medium,95,Experienced,2740,0,10493.88
Rough,Medium,Low,83,Low,788,0,2858.49
Moderate,Heavy,Low,80,Experienced,1021,0,3200.12
Calm,Heavy,Medium,79,Experienced,1245,0,4078.28
Moderate,Light,High,75,Experienced,3400,1,33788.18
Calm,Heavy,Low,73,Low,2386,1,31932.63
Calm,Medium,Low,90,Low,1935,0,7113.6
Calm,Medium,Medium,70,Experienced,1340,0,4884.2
Calm,Heavy,Low,76,Low,3427,1,22447.41
Rough,Heavy,High,93,Experienced,2573,1,29225.1
Moderate,Heavy,High,78,Experienced,2414,1,22226.04
Moderate,Medium,Medium,77,Experienced,1977,0,6335.83
Calm,Medium,Low,74,Experienced,3182,0,9533.87
Calm,Heavy,High,88,Experienced,3394,1,29743.61
Calm,Light,Medium,79,Low,1298,0,3886.25
Rough,Medium,High,80,Low,2077,1,19092.69
Calm,Medium,Medium,94,Experienced,2584,0,8006.68
Rough,Medium,High,84,Experienced,1256,1,28212.23
Moderate,Light,Medium,75,Experienced,3266,0,9271.59
Calm,Light,Medium,84,Experienced,1889,0,6457.05
Moderate,Heavy,High,74,Experienced,1461,1,25806.42
Calm,Light,Medium,98,Low,2820,0,7350.43
Rough,Medium,Medium,88,Low,2168,1,21962.02
Rough,Light,Low,91,Low,852,0,3027.37
Calm,Light,Medium,88,Experienced,1933,0,6320.58
Calm,Light,Medium,79,Experienced,994,0,3785.31
Moderate,Light,Low,81,Experienced,616,0,1806.98
Rough,Heavy,Low,91,Experienced,2945,1,26106.17
Calm,Light,Medium,73,Experienced,1067,0,4166.47
Moderate,Heavy,High,100,Experienced,3233,1,25973.2
Moderate,Medium,Medium,87,Low,2908,1,21077.19
Moderate,Medium,Low,85,Experienced,2271,0,8375.46
Calm,Medium,Medium,77,Experienced,2605,0,7779.76
Moderate,Medium,Low,73,Low,1803,0,6444.37
Rough,Heavy,Medium,94,Experienced,3104,1,23254.37
Calm,Light,Low,92,Experienced,422,0,1239.39
Calm,Medium,Low,81,Low,2689,0,7306.19
Rough,Heavy,Low,71,Experienced,2168,1,30868.3
Calm,Heavy,Low,73,Experienced,1971,0,5585.76
Rough,Heavy,Low,74,Low,1382,1,27711.05
Calm,Medium,Low,72,Experienced,2028,0,7939.51
Calm,Heavy,Medium,78,Low,2607,1,29363.25
Rough,Medium,Medium,98,Experienced,2296,0,7599.86
Calm,Medium,Low,90,Low,2442,0,7793.77
Moderate,Light,High,87,Experienced,1448,0,4327.83
Calm,Medium,Low,80,Experienced,2388,0,7673.8
Moderate,Light,Medium,72,Low,2214,1,31331.22
Calm,Medium,Low,99,Experienced,553,0,2200.38
Calm,Heavy,Low,100,Experienced,306,0,1195.43
Rough,Light,Medium,94,Experienced,3075,0,11664.18
Calm,Light,Medium,92,Experienced,2416,0,9262.21
Moderate,Light,High,71,Experienced,3452,1,23995.17
Calm,Heavy,Medium,78,Low,841,1,21382.97
Moderate,Medium,High,83,Low,388,1,24838.12
Calm,Medium,Low,73,Experienced,2238,0,6914.14
Rough,Heavy,Low,98,Experienced,512,0,2018.63
Calm,Heavy,Low,78,Experienced,3181,0,9936.42
Calm,Medium,Low,100,Experienced,565,0,1921.92
Calm,Medium,Medium,82,Experienced,3259,0,11617.38
Calm,Heavy,Medium,87,Experienced,2640,0,10364.34
Moderate,Medium,Low,84,Low,1530,0,4386.39
Calm,Light,High,97,Low,2680,0,9699.45
Moderate,Heavy,High,79,Experienced,3448,1,23051.67
Calm,Medium,Low,85,Experienced,1304,0,3785.3
Calm,Light,Low,81,Experienced,2394,0,8773.8
Moderate,Medium,Low,89,Low,921,0,3065.4
Moderate,Light,Low,74,Experienced,726,0,2534.8
Calm,Light,Low,71,Experienced,509,0,1519.03
Calm,Heavy,Medium,79,Low,1187,1,24588.2
Calm,Light,Low,70,Experienced,1743,0,5971.57
Moderate,Medium,Low,76,Experienced,453,0,1407.64
Moderate,Medium,High,95,Experienced,714,0,1997.46
Calm,Light,Medium,86,Experienced,1480,0,5834.84
Moderate,Heavy,High,85,Experienced,1584,1,29242.24
Moderate,Light,Low,96,Low,3448,0,12415.84
Moderate,Medium,Low,96,Low,1068,0,3328.5
Rough,Medium,Medium,93,Experienced,1282,0,3887.92
Calm,Light,Low,72,Experienced,1811,0,5633.56
Calm,Light,Low,83,Low,878,0,2733.91
Calm,Heavy,Medium,79,Experienced,3087,0,10237.33
Calm,Heavy,Medium,91,Experienced,2510,0,8321.16
Moderate,Light,Medium,76,Experienced,1338,0,4342.79
Rough,Medium,Medium,95,Low,2542,1,29224.19
Calm,Heavy,Medium,86,Experienced,841,0,2728.3
Calm,Heavy,Low,99,Low,658,0,1811.91
Calm,Medium,Low,75,Experienced,1149,0,3089.9
Rough,Medium,Low,92,Experienced,726,0,2830.65
Calm,Medium,Low,91,Experienced,2844,0,9690.72
Moderate,Heavy,High,73,Low,3175,1,26662.26
Calm,Heavy,Medium,86,Low,785,0,2435.61
Calm,Light,Medium,96,Experienced,2131,0,8233.06
Rough,Medium,Low,78,Experienced,1772,0,6125.62
Rough,Heavy,Low,73,Experienced,1736,1,29337.74
Calm,Heavy,Low,76,Experienced,629,0,1920.24
Rough,Heavy,Low,92,Experienced,2055,0,8096.74
Moderate,Heavy,Low,71,Low,3236,1,22438.71
Rough,Medium,High,86,Low,3338,1,20678.31
Calm,Medium,Medium,93,Low,1470,0,4054.69
Moderate,Medium,Medium,77,Low,558,0,1621.8
Calm,Light,Medium,92,Experienced,2639,0,7728.15
Moderate,Medium,High,99,Experienced,442,0,1284.61
Calm,Heavy,Low,100,Experienced,2316,0,8761.69
Calm,Light,Low,84,Low,3094,0,7882.98
Calm,Heavy,Low,100,Low,926,0,2420.7
Moderate,Medium,High,84,Low,1688,1,13151.24
Calm,Heavy,High,77,Low,389,1,22209.82
Moderate,Light,Low,85,Experienced,1019,0,2901.9
Rough,Light,High,88,Experienced,780,0,2883.59
Calm,Medium,High,80,Low,2431,1,19330.34
Moderate,Light,Low,71,Low,1400,0,3512.12
Calm,Heavy,Low,92,Low,972,0,3055.95
Rough,Heavy,Medium,93,Low,816,1,26763.13
Calm,Light,High,86,Experienced,2832,0,7564.04
Moderate,Medium,Low,97,Low,1913,0,6722.69
Moderate,Medium,High,95,Experienced,1081,0,3840.95
Rough,Medium,Low,85,Experienced,2451,0,8777.86
Moderate,Heavy,Medium,94,Experienced,2335,0,8388.97
Calm,Heavy,Medium,84,Experienced,2686,0,6715.21
Moderate,Medium,Medium,82,Experienced,986,0,3875.85
Rough,Heavy,High,84,Low,1889,1,19165.69
Moderate,Medium,High,96,Experienced,1199,0,4623.31
Calm,Heavy,High,73,Experienced,1801,1,13706.68
Rough,Medium,Low,85,Low,2954,1,35759.6
Moderate,Heavy,Medium,99,Experienced,522,0,1939.06
Moderate,Heavy,Low,81,Experienced,3380,0,12694.7
Calm,Light,Medium,99,Experienced,1376,0,3632.55
Moderate,Heavy,Medium,73,Low,1400,1,29505.05
Calm,Light,Medium,72,Low,2041,0,8041.28
Moderate,Medium,Medium,91,Experienced,802,0,2821.29
Calm,Medium,High,86,Low,1639,1,19802.31
Moderate,Heavy,Low,91,Experienced,3169,0,12417.55
Rough,Heavy,Medium,87,Experienced,923,1,18453.04
Calm,Heavy,Low,94,Low,2186,0,7430.08
Rough,Heavy,Low,87,Experienced,2512,1,32769.6
Calm,Medium,Low,92,Experienced,1350,0,5264.01
Rough,Heavy,High,97,Low,1393,1,21658.08
Moderate,Medium,High,86,Experienced,2285,0,7430.09
Moderate,Medium,High,81,Experienced,1688,0,5959.36
Moderate,Light,High,92,Experienced,1629,0,6007.52
Rough,Heavy,Low,90,Experienced,1447,0,4882.94
Calm,Heavy,Low,93,Experienced,318,0,1228.55
Calm,Medium,Medium,73,Experienced,1580,0,6182.52
Moderate,Light,Medium,100,Experienced,1345,0,3492.26
Moderate,Heavy,Medium,81,Experienced,1288,0,3997.38
Moderate,Light,Low,100,Experienced,2797,0,7090.92
Moderate,Heavy,Medium,95,Experienced,2899,0,8679.97
Calm,Heavy,Medium,92,Low,1873,1,19038.1
Moderate,Medium,Low,91,Experienced,1371,0,5300.55
Calm,Light,Medium,90,Experienced,3042,0,11467.83
Moderate,Heavy,Medium,89,Low,2934,1,20015.66
Calm,Heavy,Medium,84,Experienced,3068,0,8098.13
Calm,Medium,Low,92,Low,1506,0,5096.15
Calm,Heavy,Medium,97,Low,1758,0,5798.2
Calm,Light,Low,85,Experienced,2454,0,7115.54
Moderate,Medium,Low,74,Experienced,1511,0,5816.11
Calm,Heavy,High,90,Low,1075,1,18891.57
Calm,Heavy,Medium,84,Experienced,3457,0,10730.24
Calm,Light,Low,86,Experienced,2159,0,8280.74
Calm,Heavy,Medium,87,Low,2166,1,17672.15
Calm,Medium,Medium,74,Experienced,1460,0,5263.63
Calm,Medium,High,82,Experienced,2181,0,7009.54
Moderate,Light,Medium,88,Experienced,3245,0,8709.17
Moderate,Heavy,Medium,99,Experienced,2683,0,10441.97
Moderate,Light,Medium,82,Experienced,2954,0,9397.1
Calm,Medium,Low,87,Low,3185,0,11471.51
Calm,Light,Low,83,Low,2080,0,6345.58
Rough,Heavy,Medium,99,Experienced,901,0,2278.02
